Income,Kidhome,Teenhome,Recency,MntWines,MntFruits,MntMeatProducts,MntFishProducts,MntSweetProducts,MntGoldProds,NumDealsPurchases,NumWebPurchases,NumCatalogPurchases,NumStorePurchases,NumWebVisitsMonth,AcceptedCmp3,AcceptedCmp4,AcceptedCmp5,AcceptedCmp1,AcceptedCmp2,Complain,Z_CostContact,Z_Revenue,Response,Age,Customer_Days,marital_Divorced,marital_Married,marital_Single,marital_Together,marital_Widow,education_2n Cycle,education_Basic,education_Graduation,education_Master,education_PhD,MntTotal,MntRegularProds,AcceptedCmpOverall
58138.0,0,0,58,635,88,546,172,88,88,3,8,10,4,7,0,0,0,0,0,0,3,11,1,63,2822,0,0,1,0,0,0,0,1,0,0,1529,1441,0
46344.0,1,1,38,11,1,6,2,1,6,2,1,1,2,5,0,0,0,0,0,0,3,11,0,66,2272,0,0,1,0,0,0,0,1,0,0,21,15,0
71613.0,0,0,26,426,49,127,111,21,42,1,8,2,10,4,0,0,0,0,0,0,3,11,0,55,2471,0,0,0,1,0,0,0,1,0,0,734,692,0
26646.0,1,0,26,11,4,20,10,3,5,2,2,0,4,6,0,0,0,0,0,0,3,11,0,36,2298,0,0,0,1,0,0,0,1,0,0,48,43,0
58293.0,1,0,94,173,43,118,46,27,15,5,5,3,6,5,0,0,0,0,0,0,3,11,0,39,2320,0,1,0,0,0,0,0,0,0,1,407,392,0
62513.0,0,1,16,520,42,98,0,42,14,2,6,4,10,6,0,0,0,0,0,0,3,11,0,53,2452,0,0,0,1,0,0,0,0,1,0,702,688,0
55635.0,0,1,34,235,65,164,50,49,27,4,7,3,7,6,0,0,0,0,0,0,3,11,0,49,2752,1,0,0,0,0,0,0,1,0,0,563,536,0
33454.0,1,0,32,76,10,56,3,1,23,2,4,0,4,8,0,0,0,0,0,0,3,11,0,35,2576,0,1,0,0,0,0,0,0,0,1,146,123,0
30351.0,1,0,19,14,0,24,3,3,2,1,3,0,2,9,0,0,0,0,0,0,3,11,1,46,2547,0,0,0,1,0,0,0,0,0,1,44,42,0
5648.0,1,1,68,28,0,6,1,1,13,1,1,0,0,20,1,0,0,0,0,0,3,11,0,70,2267,0,0,0,1,0,0,0,0,0,1,36,23,1
7500.0,0,0,59,6,16,11,11,1,16,1,2,0,3,8,0,0,0,0,0,0,3,11,0,44,2752,0,1,0,0,0,0,1,0,0,0,45,29,0
63033.0,0,0,82,194,61,480,225,112,30,1,3,4,8,2,0,0,0,0,0,0,3,11,0,61,2385,1,0,0,0,0,0,0,1,0,0,1072,1042,0
59354.0,1,1,53,233,2,53,3,5,14,3,6,1,5,6,0,0,0,0,0,0,3,11,0,68,2385,1,0,0,0,0,0,0,0,1,0,296,282,0
17323.0,0,0,38,3,14,17,6,1,5,1,1,0,3,8,0,0,0,0,0,0,3,11,0,33,2786,0,1,0,0,0,0,0,1,0,0,41,36,0
82800.0,0,0,23,1006,22,115,59,68,45,1,7,6,12,3,0,0,1,1,0,0,3,11,1,74,2741,0,0,1,0,0,0,0,0,0,1,1270,1225,2
41850.0,1,1,51,53,5,19,2,13,4,3,3,0,3,8,0,0,0,0,0,0,3,11,0,40,2711,0,1,0,0,0,0,0,1,0,0,92,88,0
37760.0,0,0,20,84,5,38,150,12,28,2,4,1,6,7,0,0,0,0,0,0,3,11,0,74,2826,0,0,0,1,0,0,0,1,0,0,289,261,0
76995.0,0,1,91,1012,80,498,0,16,176,2,11,4,9,5,0,0,0,1,0,0,3,11,0,71,2617,0,1,0,0,0,0,0,0,1,0,1606,1430,1
33812.0,1,0,86,4,17,19,30,24,39,2,2,1,3,6,0,0,0,0,0,0,3,11,0,35,2762,0,0,1,0,0,1,0,0,0,0,94,55,0
37040.0,0,0,41,86,2,73,69,38,48,1,4,2,5,8,0,0,0,0,0,0,3,11,0,38,2849,0,1,0,0,0,0,0,1,0,0,268,220,0
2447.0,1,0,42,1,1,1725,1,1,1,15,0,28,0,1,0,0,0,0,0,0,3,11,0,41,2698,0,1,0,0,0,0,0,1,0,0,1729,1728,0
58607.0,0,1,63,867,0,86,0,0,19,3,2,3,9,8,0,1,0,0,0,0,3,11,0,71,2712,0,1,0,0,0,0,0,0,0,1,953,934,1
65324.0,0,1,0,384,0,102,21,32,5,3,6,2,9,4,0,0,0,0,0,0,3,11,0,66,2328,0,1,0,0,0,0,0,0,0,1,539,534,0
40689.0,0,1,69,270,3,27,39,6,99,7,7,1,5,8,0,0,0,0,0,0,3,11,0,69,2627,0,0,0,1,0,0,0,1,0,0,345,246,0
18589.0,0,0,89,6,4,25,15,12,13,2,2,1,3,7,0,0,0,0,0,0,3,11,0,51,2702,0,0,1,0,0,0,0,1,0,0,62,49,0
53359.0,1,1,4,173,4,30,3,6,41,4,5,1,4,7,0,0,0,0,0,0,3,11,0,44,2557,0,1,0,0,0,0,0,1,0,0,216,175,0
38360.0,1,0,26,36,2,42,20,21,10,2,2,1,4,3,0,0,0,0,0,0,3,11,0,31,2553,0,1,0,0,0,0,0,1,0,0,121,111,0
84618.0,0,0,96,684,100,801,21,66,0,1,6,9,10,2,0,0,1,0,0,0,3,11,0,55,2378,0,1,0,0,0,0,0,0,0,1,1672,1672,1
10979.0,0,0,34,8,4,10,2,2,4,2,3,0,3,5,0,0,0,0,0,0,3,11,0,31,2197,1,0,0,0,0,0,0,0,1,0,26,22,0
38620.0,0,0,56,112,17,44,34,22,89,1,2,5,3,3,0,0,0,0,0,0,3,11,0,57,2573,0,0,0,1,0,0,0,0,1,0,229,140,0
40548.0,0,1,31,110,0,5,2,0,3,2,2,1,4,5,0,1,0,0,0,0,3,11,0,50,2786,0,0,0,1,0,0,0,1,0,0,117,114,1
46610.0,0,2,8,96,12,96,33,22,43,6,4,1,6,6,0,0,0,0,0,0,3,11,1,68,2767,1,0,0,0,0,0,0,0,0,1,259,216,0
68657.0,0,0,4,482,34,471,119,68,22,1,3,5,9,7,0,0,0,0,0,0,3,11,0,74,2653,0,1,0,0,0,0,0,0,1,0,1174,1152,0
49389.0,1,1,55,40,0,19,2,1,3,1,2,0,3,7,0,0,0,0,0,0,3,11,0,69,2463,0,0,1,0,0,0,0,0,1,0,62,59,0
67353.0,0,1,37,702,17,151,0,8,35,5,5,6,12,2,0,0,0,0,0,0,3,11,0,50,2339,0,1,0,0,0,0,0,0,0,1,878,843,0
23718.0,1,0,76,6,3,14,15,7,36,3,3,1,2,7,0,0,0,0,0,0,3,11,0,44,2459,0,1,0,0,0,1,0,0,0,0,45,9,0
42429.0,0,1,99,55,0,6,2,0,4,2,1,1,3,5,0,0,0,0,0,0,3,11,0,47,2297,0,0,0,0,1,0,0,1,0,0,63,59,0
48948.0,0,0,53,437,8,206,160,49,42,2,7,10,5,6,1,0,0,0,0,0,3,11,1,77,2672,1,0,0,0,0,0,0,0,0,1,860,818,1
80011.0,0,1,3,421,76,536,82,178,102,2,8,6,5,4,0,0,0,0,0,0,3,11,0,40,2585,0,1,0,0,0,0,0,1,0,0,1293,1191,0
20559.0,1,0,88,13,1,29,3,0,7,2,2,0,3,8,0,0,0,0,0,0,3,11,0,35,2633,0,1,0,0,0,0,0,0,1,0,46,39,0
21994.0,0,1,4,9,0,6,3,1,3,1,0,0,3,5,0,0,0,0,0,0,3,11,0,63,2711,0,0,0,1,0,0,0,1,0,0,19,16,0
7500.0,1,0,19,3,1,10,3,2,12,3,2,0,3,5,0,0,0,0,0,0,3,11,0,45,2429,0,1,0,0,0,0,0,0,1,0,19,7,0
79941.0,0,0,72,123,164,266,227,30,174,1,2,4,9,1,0,0,0,0,0,0,3,11,0,44,2160,0,0,1,0,0,0,0,1,0,0,810,636,0
7500.0,0,0,24,3,18,14,15,22,50,3,3,1,3,9,0,0,0,0,0,0,3,11,1,24,2756,0,1,0,0,0,1,0,0,0,0,72,22,0
41728.0,1,0,92,13,6,15,3,5,13,1,2,0,2,10,0,0,0,0,0,0,3,11,0,52,2560,0,0,0,1,0,0,0,1,0,0,42,29,0
72550.0,1,1,39,826,50,317,50,38,38,9,5,2,12,8,0,0,0,0,0,0,3,11,0,66,2757,0,1,0,0,0,0,0,0,0,1,1281,1243,0
65486.0,0,1,29,245,19,125,37,67,14,1,4,2,10,2,0,0,0,0,0,0,3,11,0,63,2207,0,0,0,0,1,0,0,1,0,0,493,479,0
79143.0,0,0,2,650,37,780,27,167,32,1,6,9,13,3,0,0,0,0,0,0,3,11,0,56,2846,0,1,0,0,0,0,0,0,1,0,1661,1629,0
35790.0,1,0,54,12,6,20,30,1,3,2,2,0,3,7,0,0,0,0,0,0,3,11,0,43,2702,0,0,1,0,0,0,0,1,0,0,69,66,0
82582.0,0,0,54,510,120,550,156,40,241,1,4,9,7,1,1,0,0,1,0,0,3,11,1,43,2181,1,0,0,0,0,0,0,1,0,0,1376,1135,2
66373.0,1,1,57,328,9,124,12,24,109,7,4,2,10,3,0,0,0,0,0,0,3,11,0,42,2541,0,1,0,0,0,0,0,1,0,0,497,388,0
82384.0,0,0,55,984,51,432,180,120,190,1,3,10,13,1,0,0,1,0,0,0,3,11,1,65,2746,0,0,0,1,0,0,0,0,1,0,1767,1577,1
70287.0,0,0,30,295,35,482,121,120,40,1,5,5,10,3,0,0,0,0,0,0,3,11,1,54,2612,1,0,0,0,0,0,0,1,0,0,1053,1013,0
27938.0,1,0,31,13,0,8,2,1,5,1,1,0,4,3,0,0,0,0,0,0,3,11,0,32,2221,0,0,1,0,0,0,0,1,0,0,24,19,0
55954.0,0,1,63,447,0,28,0,0,43,3,8,2,6,7,0,0,0,0,0,0,3,11,0,52,2277,0,1,0,0,0,0,0,0,0,1,475,432,0
75777.0,0,0,12,712,26,538,69,13,80,1,3,6,11,1,0,1,1,0,0,0,3,11,1,38,2519,0,0,1,0,0,0,0,0,1,0,1358,1278,2
66653.0,1,1,18,452,18,102,16,18,6,4,4,2,12,3,0,0,0,0,0,0,3,11,0,45,2819,0,0,0,1,0,0,0,1,0,0,606,600,0
61823.0,0,1,26,523,7,134,37,14,169,4,8,2,10,7,0,0,0,0,0,0,3,11,0,68,2655,0,0,1,0,0,0,0,1,0,0,715,546,0
67680.0,0,1,8,546,0,48,0,6,6,1,7,3,8,5,0,0,0,0,0,0,3,11,0,69,2542,0,0,0,0,1,0,0,0,0,1,600,594,0
70666.0,0,0,29,398,40,367,119,122,30,1,7,4,4,4,0,0,0,0,0,0,3,11,0,72,2364,0,0,0,1,0,0,0,1,0,0,1046,1016,0
25721.0,1,0,75,1,3,6,3,6,15,1,1,1,2,7,0,0,0,0,0,0,3,11,1,49,2563,0,1,0,0,0,0,0,1,0,0,19,4,0
32474.0,1,1,0,10,0,1,0,0,0,1,1,0,2,7,0,0,0,0,0,0,3,11,0,53,2208,0,0,0,1,0,0,0,1,0,0,11,11,0
88194.0,0,1,19,688,14,309,201,24,38,1,11,10,10,5,1,0,0,1,0,0,3,11,1,41,2261,0,0,1,0,0,1,0,0,0,0,1236,1198,2
69096.0,0,1,4,247,49,159,7,82,109,1,5,2,10,4,0,0,0,0,0,0,3,11,0,62,2434,0,0,0,1,0,0,0,1,0,0,544,435,0
74854.0,1,2,90,856,59,487,58,29,73,7,2,5,5,5,0,0,0,0,0,0,3,11,0,50,2606,0,0,0,1,0,0,0,1,0,0,1489,1416,0
66991.0,0,0,1,496,36,460,189,60,12,3,4,8,6,3,0,0,0,0,0,0,3,11,0,66,2815,0,1,0,0,0,0,0,0,1,0,1241,1229,0
65031.0,0,1,29,258,107,291,84,37,86,4,10,3,13,7,0,0,0,0,0,0,3,11,0,61,2628,0,1,0,0,0,0,0,1,0,0,777,691,0
60631.0,1,1,88,565,6,65,0,6,19,5,9,2,8,7,0,1,0,0,0,0,3,11,0,45,2609,0,1,0,0,0,0,0,0,0,1,642,623,1
28332.0,0,0,58,14,10,13,4,15,9,1,2,1,4,2,0,0,0,0,0,0,3,11,0,68,2219,0,1,0,0,0,0,0,1,0,0,56,47,0
40246.0,1,0,68,2,1,6,2,1,1,1,1,0,2,6,0,0,0,0,0,0,3,11,0,43,2716,1,0,0,0,0,0,0,1,0,0,12,11,0
75251.0,0,0,34,721,111,925,97,18,18,1,7,6,5,5,0,0,0,0,0,0,3,11,1,48,2830,0,1,0,0,0,0,0,0,1,0,1872,1854,0
75825.0,0,0,40,1032,105,779,137,105,51,0,5,8,9,4,1,0,0,0,0,0,3,11,1,44,2784,0,0,1,0,0,0,0,1,0,0,2158,2107,1
26326.0,0,0,12,1,0,5,0,3,9,1,0,0,3,3,0,0,0,0,0,1,3,11,0,44,2457,0,0,0,1,0,1,0,0,0,0,9,0,0
56046.0,0,0,9,577,0,64,0,0,51,2,10,1,8,8,1,0,0,0,0,0,3,11,1,55,2702,0,0,0,1,0,0,0,1,0,0,641,590,1
29760.0,1,0,87,64,4,68,7,5,17,4,3,1,4,8,0,0,0,0,0,0,3,11,0,35,2828,0,0,1,0,0,0,0,1,0,0,148,131,0
26304.0,1,0,5,4,1,5,2,0,4,1,1,0,2,7,0,0,0,0,0,0,3,11,0,51,2530,0,1,0,0,0,0,0,1,0,0,12,8,0
23559.0,1,0,87,25,5,19,7,0,23,3,3,0,3,7,0,0,0,0,0,0,3,11,0,47,2520,0,1,0,0,0,1,0,0,0,0,56,33,0
38620.0,0,0,56,112,17,44,34,22,89,1,2,5,3,3,0,0,0,0,0,0,3,11,0,57,2573,0,0,0,1,0,0,0,0,1,0,229,140,0
81361.0,0,0,18,163,23,424,27,65,76,1,3,10,13,1,0,0,0,0,0,0,3,11,0,33,2283,1,0,0,0,0,0,0,1,0,0,702,626,0
29440.0,1,1,95,17,8,14,10,4,3,2,1,0,4,7,0,0,0,0,0,0,3,11,0,60,2481,0,1,0,0,0,0,0,1,0,0,53,50,0
36138.0,1,1,48,130,0,16,0,0,5,5,3,1,4,7,0,1,0,0,0,0,3,11,0,50,2507,0,1,0,0,0,0,0,0,1,0,146,141,1
50388.0,0,1,3,292,6,37,0,3,34,4,6,1,6,7,0,1,0,1,0,0,3,11,1,63,2191,0,0,1,0,0,0,0,1,0,0,338,304,2
79593.0,0,0,70,350,60,568,110,133,145,1,5,6,7,2,0,0,1,0,0,0,3,11,0,47,2207,0,1,0,0,0,0,0,1,0,0,1221,1076,1
54178.0,0,1,79,135,9,39,4,0,7,1,2,2,5,2,0,0,0,0,0,0,3,11,0,53,2318,0,0,0,1,0,0,0,1,0,0,187,180,0
42394.0,1,0,69,15,2,10,0,1,4,1,1,0,3,7,0,0,0,0,0,0,3,11,0,48,2257,0,0,1,0,0,0,0,0,1,0,28,24,0
23626.0,1,0,84,27,2,14,0,0,0,3,3,1,3,5,0,0,0,0,0,0,3,11,0,50,2195,0,1,0,0,0,0,0,0,0,1,43,43,0
30096.0,1,0,30,5,3,11,12,5,9,1,2,0,3,6,0,0,0,0,0,0,3,11,0,37,2197,0,1,0,0,0,0,0,1,0,0,36,27,0
47916.0,0,1,72,505,0,26,0,0,75,5,7,4,6,6,0,1,0,0,0,0,3,11,0,60,2743,0,0,0,0,1,0,0,1,0,0,531,456,1
51813.0,1,1,37,51,2,7,0,1,2,2,2,0,3,7,0,0,0,0,0,0,3,11,0,48,2603,1,0,0,0,0,0,0,1,0,0,61,59,0
78497.0,0,0,44,207,26,447,75,0,223,1,5,7,12,2,0,0,0,1,0,0,3,11,0,69,2369,0,1,0,0,0,1,0,0,0,0,755,532,1
50150.0,0,0,32,135,46,92,65,61,11,2,5,2,7,5,0,0,0,0,0,0,3,11,0,37,2533,0,1,0,0,0,0,0,0,0,1,399,388,0
47823.0,0,1,0,53,1,5,2,1,10,2,2,0,3,8,0,0,0,0,0,0,3,11,0,60,2500,0,0,1,0,0,1,0,0,0,0,62,52,0
34554.0,0,1,43,41,1,6,2,0,5,2,2,0,3,6,0,0,0,0,0,0,3,11,0,61,2250,0,0,1,0,0,0,0,0,0,1,50,45,0
85693.0,0,1,59,386,172,183,185,132,111,2,9,5,11,5,0,0,0,0,0,0,3,11,0,41,2594,0,0,0,1,0,0,0,1,0,0,1058,947,0
65846.0,0,0,68,562,81,276,80,40,81,1,6,3,6,4,0,0,0,0,0,0,3,11,0,75,2567,0,1,0,0,0,0,0,0,0,1,1039,958,0
87195.0,0,0,35,217,76,690,50,26,38,1,3,11,5,1,0,0,0,0,0,0,3,11,1,61,2211,0,1,0,0,0,0,0,1,0,0,1059,1021,0
24594.0,1,0,94,1,3,6,10,0,9,1,1,0,3,5,0,0,0,0,0,0,3,11,0,41,2360,0,0,0,1,0,0,1,0,0,0,20,11,0
49096.0,1,1,15,144,1,32,2,1,7,4,4,1,4,7,0,0,0,0,0,0,3,11,0,56,2437,0,1,0,0,0,0,0,1,0,0,180,173,0
52413.0,0,2,56,295,106,271,75,98,65,4,6,4,12,6,0,0,0,0,0,0,3,11,0,51,2671,0,1,0,0,0,0,0,1,0,0,845,780,0
38557.0,1,0,17,76,3,31,4,4,27,2,3,1,3,7,0,0,0,0,0,0,3,11,0,42,2716,0,0,1,0,0,0,0,1,0,0,118,91,0
89058.0,0,0,18,454,194,106,31,22,43,1,5,4,4,2,0,0,0,0,0,0,3,11,0,60,2728,0,1,0,0,0,0,0,0,1,0,807,764,0
77298.0,0,1,46,425,115,292,23,35,79,1,6,6,11,3,0,0,0,0,0,0,3,11,0,41,2398,0,0,0,1,0,0,0,1,0,0,890,811,0
68126.0,0,0,40,1332,17,311,23,51,86,1,7,4,5,9,0,1,0,0,0,0,3,11,1,29,2755,0,0,1,0,0,0,0,0,0,1,1734,1648,1
57288.0,0,1,27,527,0,21,0,0,60,3,8,1,8,6,0,1,0,0,0,0,3,11,0,57,2163,0,0,0,1,0,0,0,0,1,0,548,488,1
86037.0,0,0,95,490,44,125,29,20,22,1,6,7,11,3,0,1,1,0,0,0,3,11,1,29,2702,0,0,1,0,0,0,0,1,0,0,708,686,2
43974.0,1,0,19,378,0,101,0,0,72,5,6,4,6,7,0,0,0,0,0,0,3,11,0,40,2723,0,1,0,0,0,0,0,0,0,1,479,407,0
50785.0,1,1,27,64,1,21,0,1,27,2,2,1,3,6,0,0,0,0,0,0,3,11,0,58,2451,0,0,1,0,0,0,0,1,0,0,87,60,0
90765.0,0,0,25,547,99,812,151,82,33,0,4,6,5,1,0,0,1,1,0,0,3,11,0,50,2315,0,1,0,0,0,0,0,1,0,0,1691,1658,2
36550.0,1,0,74,47,90,94,123,103,120,5,9,1,5,9,0,0,0,0,0,0,3,11,0,42,2654,0,1,0,0,0,1,0,0,0,0,457,337,0
30753.0,1,1,85,12,5,25,0,9,30,2,1,1,3,5,0,0,0,0,0,0,3,11,0,53,2512,0,0,0,1,0,1,0,0,0,0,51,21,0
21918.0,1,0,37,1,6,7,11,5,3,2,2,0,3,6,0,0,0,0,0,0,3,11,0,51,2386,0,0,0,1,0,0,0,1,0,0,30,27,0
56129.0,0,1,65,320,48,133,39,72,48,4,6,2,10,4,0,0,0,0,0,0,3,11,0,67,2533,0,0,0,1,0,0,0,0,1,0,612,564,0
32557.0,1,0,13,34,3,29,0,4,10,3,2,1,3,5,0,0,0,0,0,0,3,11,1,53,2284,0,0,1,0,0,0,0,0,1,0,70,60,0
19510.0,2,0,63,9,0,7,3,4,7,2,1,0,3,7,0,0,0,0,0,0,3,11,0,35,2457,0,1,0,0,0,0,0,0,1,0,23,16,0
30992.0,1,0,83,17,0,14,7,3,2,1,1,0,3,7,0,0,0,0,0,0,3,11,0,44,2592,1,0,0,0,0,0,0,1,0,0,41,39,0
101970.0,0,0,69,722,27,102,44,72,168,0,6,8,13,2,0,1,1,1,0,0,3,11,1,37,2633,0,0,1,0,0,0,0,1,0,0,967,799,3
71488.0,0,0,87,162,33,124,40,28,172,2,3,4,7,1,0,0,0,0,0,0,3,11,0,55,2655,0,0,0,1,0,1,0,0,0,0,387,215,0
79607.0,0,0,37,450,133,951,173,0,216,1,3,6,6,1,0,0,0,0,0,0,3,11,1,36,2593,0,0,1,0,0,0,0,1,0,0,1707,1491,0
54348.0,1,1,51,70,0,16,0,0,4,2,2,0,4,6,0,0,0,0,0,0,3,11,0,67,2180,0,1,0,0,0,0,0,0,1,0,86,82,0
77376.0,1,1,72,492,19,110,16,12,12,4,6,3,10,4,0,0,0,0,0,0,3,11,0,64,2209,0,0,0,1,0,0,0,0,0,1,649,637,0
62998.0,0,1,10,120,58,73,65,89,58,5,5,4,5,5,0,0,0,0,0,0,3,11,0,68,2431,0,1,0,0,0,0,0,1,0,0,405,347,0
61331.0,1,1,42,534,5,47,0,5,41,5,11,1,6,8,0,0,0,0,0,0,3,11,0,62,2635,0,0,1,0,0,0,0,0,1,0,591,550,0
73448.0,0,0,10,236,106,189,23,41,130,1,7,2,9,4,0,0,0,0,0,0,3,11,0,51,2298,0,1,0,0,0,0,0,1,0,0,595,465,0
41551.0,1,1,51,220,0,33,3,0,23,5,5,1,5,8,0,0,0,0,0,0,3,11,0,56,2478,0,1,0,0,0,0,0,0,0,1,256,233,0
62981.0,0,0,21,796,14,590,38,44,0,1,4,5,13,3,0,1,0,0,0,0,3,11,0,53,2628,0,0,0,1,0,0,0,0,0,1,1482,1482,1
9548.0,1,0,31,0,1,3,10,6,9,2,1,0,3,8,0,0,0,0,0,0,3,11,0,44,2849,1,0,0,0,0,0,1,0,0,0,20,11,0
33762.0,2,1,61,53,1,34,2,0,16,3,2,2,2,8,0,0,0,0,0,0,3,11,0,61,2516,0,1,0,0,0,0,0,0,0,1,90,74,0
35860.0,1,1,37,15,0,8,4,2,20,2,1,1,2,5,1,0,0,0,0,0,3,11,1,47,2200,0,0,1,0,0,0,0,0,0,1,29,9,1
36921.0,1,1,74,17,1,12,3,1,4,2,2,0,3,7,0,0,0,0,0,0,3,11,0,55,2495,1,0,0,0,0,0,0,0,0,1,34,30,0
92859.0,0,0,46,962,61,921,52,61,20,1,5,4,12,2,0,0,0,0,0,0,3,11,0,28,2777,0,0,1,0,0,0,0,0,1,0,2057,2037,0
65104.0,0,1,4,738,0,232,13,20,50,2,3,5,7,7,0,0,0,0,0,0,3,11,1,44,2386,0,0,0,1,0,0,0,0,1,0,1003,953,0
86111.0,0,0,73,399,28,756,36,40,126,1,5,7,10,2,0,0,0,0,0,0,3,11,0,58,2595,0,1,0,0,0,0,0,1,0,0,1259,1133,0
68352.0,0,1,47,614,16,132,43,33,33,3,8,5,9,6,0,0,0,0,0,0,3,11,0,46,2464,0,0,1,0,0,0,0,0,0,1,838,805,0
41883.0,1,0,13,32,34,41,73,16,116,3,4,2,3,7,0,0,0,0,0,0,3,11,0,32,2626,0,0,0,1,0,0,0,1,0,0,196,80,0
59809.0,0,2,36,598,16,141,32,41,49,3,3,3,6,8,0,0,0,0,0,0,3,11,0,44,2778,0,1,0,0,0,0,0,1,0,0,828,779,0
23957.0,1,0,47,2,1,18,20,11,16,1,2,0,3,6,0,0,0,0,0,0,3,11,1,45,2768,0,1,0,0,0,0,0,1,0,0,52,36,0
38547.0,1,0,49,6,1,10,0,1,4,1,1,0,2,8,0,0,0,0,0,1,3,11,0,39,2464,0,0,0,1,0,0,0,1,0,0,18,14,0
35688.0,2,1,94,73,3,90,12,1,32,7,4,1,4,8,0,0,0,0,0,0,3,11,0,47,2835,0,1,0,0,0,1,0,0,0,0,179,147,0
49605.0,0,0,65,42,16,29,12,20,8,1,2,1,4,3,0,0,0,0,0,0,3,11,0,54,2167,0,1,0,0,0,0,0,0,1,0,119,111,0
59354.0,0,2,59,295,21,78,39,13,13,1,4,4,7,3,0,0,0,0,0,0,3,11,0,67,2225,0,1,0,0,0,0,0,0,1,0,446,433,0
65747.0,0,1,96,346,17,48,23,13,13,4,8,1,6,6,0,1,0,0,0,0,3,11,0,51,2273,0,1,0,0,0,0,0,1,0,0,447,434,1
46344.0,0,1,28,233,20,57,8,20,91,4,7,1,5,7,0,0,0,0,0,0,3,11,0,48,2721,0,0,0,1,0,1,0,0,0,0,338,247,0
34176.0,1,0,12,5,7,24,19,14,20,4,3,0,4,6,0,0,0,0,0,0,3,11,0,32,2207,0,0,1,0,0,0,0,1,0,0,69,49,0
61010.0,0,1,57,888,0,57,0,0,76,2,8,5,11,5,0,0,0,0,0,0,3,11,0,68,2787,0,0,0,1,0,0,0,0,0,1,945,869,0
69372.0,0,0,10,997,26,269,34,13,42,1,10,4,6,4,0,1,1,0,0,0,3,11,1,71,2654,0,0,0,1,0,0,0,1,0,0,1339,1297,2
49967.0,0,1,4,212,6,69,4,12,3,3,6,1,5,7,0,0,0,0,0,0,3,11,0,62,2515,0,0,1,0,0,0,0,1,0,0,303,300,0
60199.0,1,2,49,8,1,7,2,0,0,1,0,0,3,4,0,0,0,0,0,0,3,11,0,42,2449,0,0,1,0,0,0,0,1,0,0,18,18,0
55375.0,0,1,3,42,11,57,10,28,14,1,1,1,6,2,0,0,0,0,0,0,3,11,0,43,2414,0,0,0,1,0,0,0,1,0,0,148,134,0
80317.0,0,0,64,536,11,387,149,91,57,1,3,4,10,1,0,0,0,0,0,0,3,11,0,65,2472,0,0,1,0,0,0,0,1,0,0,1174,1117,0
30523.0,2,1,0,5,0,3,0,0,5,1,1,0,2,7,0,0,0,0,0,0,3,11,0,62,2522,0,0,1,0,0,0,0,0,1,0,8,3,0
70356.0,0,0,20,1349,16,249,43,16,33,2,10,6,9,6,0,0,0,0,0,0,3,11,0,75,2760,0,1,0,0,0,0,0,0,0,1,1673,1640,0
23228.0,1,0,91,53,3,49,7,4,5,4,3,0,4,8,0,0,0,0,0,0,3,11,0,36,2334,0,1,0,0,0,0,0,1,0,0,116,111,0
74165.0,0,0,9,1001,12,240,16,12,12,1,5,4,10,2,0,0,0,0,0,0,3,11,0,45,2583,1,0,0,0,0,0,0,0,0,1,1281,1269,0
43482.0,2,1,83,18,1,32,6,3,28,3,2,0,4,6,0,0,0,0,0,0,3,11,0,54,2387,0,0,0,1,0,0,0,1,0,0,60,32,0
62551.0,0,0,27,125,16,98,134,21,27,1,6,7,4,3,1,0,0,0,0,0,3,11,0,67,2382,1,0,0,0,0,0,0,1,0,0,394,367,1
52332.0,0,0,63,212,5,33,7,0,2,1,3,2,6,4,0,1,0,0,0,0,3,11,0,61,2464,1,0,0,0,0,0,0,1,0,0,257,255,1
66951.0,0,0,46,277,162,305,173,76,124,1,3,4,7,1,0,0,0,0,0,0,3,11,0,32,2398,0,0,1,0,0,0,0,1,0,0,993,869,0
26091.0,1,1,84,15,10,19,8,17,20,3,2,1,3,5,0,0,0,0,0,0,3,11,0,63,2283,0,0,0,1,0,0,0,1,0,0,69,49,0
33456.0,1,1,58,7,3,10,8,1,7,2,1,0,3,7,0,0,0,0,0,0,3,11,0,55,2228,0,0,0,1,0,0,0,1,0,0,29,22,0
28718.0,1,0,78,12,4,6,11,8,16,2,2,0,3,8,0,0,0,0,0,0,3,11,0,38,2510,0,1,0,0,0,0,0,1,0,0,41,25,0
50447.0,2,0,4,85,7,24,2,3,27,1,3,1,3,6,0,0,0,0,0,0,3,11,0,50,2228,0,1,0,0,0,0,0,1,0,0,121,94,0
53537.0,1,1,17,81,0,6,0,0,6,2,2,1,3,5,0,0,0,0,0,0,3,11,0,61,2309,0,0,0,1,0,0,0,0,0,1,87,81,0
52074.0,0,1,77,59,0,12,0,0,48,1,2,2,2,4,1,0,0,0,0,0,3,11,0,53,2245,0,0,1,0,0,0,0,1,0,0,71,23,1
80427.0,0,1,56,1149,71,449,69,71,26,1,11,8,8,5,0,0,0,0,0,0,3,11,0,45,2814,0,1,0,0,0,0,0,0,0,1,1809,1783,0
83837.0,0,0,79,847,66,119,86,89,111,1,9,10,5,4,0,1,0,1,0,0,3,11,1,72,2719,0,1,0,0,0,0,0,0,0,1,1207,1096,2
38853.0,1,1,90,29,0,14,0,0,2,2,2,0,3,7,0,0,0,0,0,0,3,11,0,50,2196,0,1,0,0,0,0,0,0,0,1,43,41,0
38285.0,2,1,96,2,0,5,2,0,1,1,0,0,3,2,0,0,0,0,0,0,3,11,0,61,2164,0,0,0,1,0,0,0,1,0,0,9,8,0
78497.0,0,0,44,207,26,447,75,0,223,1,5,7,12,2,0,0,0,1,0,0,3,11,0,69,2369,0,1,0,0,0,1,0,0,0,0,755,532,1
51650.0,0,1,81,152,3,22,2,5,7,1,4,1,4,5,0,0,0,0,0,0,3,11,0,44,2208,0,1,0,0,0,0,0,0,0,1,184,177,0
16248.0,1,0,77,12,11,10,3,12,9,3,2,1,3,6,0,0,0,0,0,0,3,11,0,32,2209,0,1,0,0,0,1,0,0,0,0,48,39,0
66835.0,0,0,21,620,26,195,34,17,141,1,6,4,13,2,0,0,0,0,0,0,3,11,0,74,2433,0,1,0,0,0,0,0,0,1,0,892,751,0
30477.0,1,0,16,47,1,6,0,0,12,1,1,1,3,6,0,0,0,0,0,0,3,11,0,36,2317,0,1,0,0,0,0,0,0,1,0,54,42,0
28249.0,0,0,80,1,9,7,2,14,10,1,2,0,3,6,0,0,0,0,0,0,3,11,0,59,2173,0,1,0,0,0,0,1,0,0,0,33,23,0
25271.0,1,0,45,10,1,18,10,4,7,1,1,1,2,9,0,0,0,0,0,0,3,11,0,37,2730,0,1,0,0,0,0,0,1,0,0,43,36,0
32303.0,0,1,63,35,0,2,0,0,2,2,1,0,4,5,0,0,0,0,0,0,3,11,0,50,2272,0,0,1,0,0,0,0,0,0,1,37,35,0
61286.0,0,1,34,356,0,107,19,9,117,2,7,1,8,5,0,0,0,0,0,0,3,11,0,54,2490,0,1,0,0,0,0,0,1,0,0,491,374,0
74068.0,0,0,14,783,30,537,140,76,15,1,4,10,9,2,0,0,0,0,0,0,3,11,0,44,2626,0,1,0,0,0,0,0,1,0,0,1566,1551,0
45759.0,1,1,13,42,1,18,3,0,4,2,2,0,3,7,0,0,0,0,0,0,3,11,0,56,2650,0,1,0,0,0,0,0,0,0,1,64,60,0
24882.0,1,0,52,1,4,10,29,0,36,1,1,1,2,6,1,0,0,0,0,0,3,11,0,42,2817,0,0,0,1,0,0,1,0,0,0,44,8,1
66973.0,0,0,98,466,22,432,147,113,102,1,8,7,12,3,0,0,0,0,0,0,3,11,0,31,2567,0,0,0,1,0,0,0,0,0,1,1180,1078,0
38872.0,1,0,93,23,3,21,3,19,22,2,3,0,3,8,0,0,0,0,0,0,3,11,0,32,2554,0,1,0,0,0,0,0,1,0,0,69,47,0
51148.0,1,1,38,235,6,45,8,9,12,4,5,1,6,6,0,0,0,0,0,0,3,11,0,47,2655,0,1,0,0,0,0,0,1,0,0,303,291,0
31353.0,1,1,24,10,0,10,3,1,7,2,1,1,2,8,0,0,0,0,0,0,3,11,0,43,2341,0,1,0,0,0,0,0,1,0,0,24,17,0
69661.0,0,0,80,656,16,106,32,16,8,1,7,3,12,3,0,0,0,0,0,0,3,11,0,40,2206,0,1,0,0,0,0,0,0,1,0,826,818,0
80067.0,0,0,82,519,17,813,27,173,51,1,4,6,6,2,0,0,1,0,0,0,3,11,0,66,2442,0,1,0,0,0,0,0,1,0,0,1549,1498,1
86718.0,0,0,20,344,189,482,50,33,172,1,5,6,5,2,0,0,0,0,0,0,3,11,0,66,2687,0,1,0,0,0,0,0,1,0,0,1098,926,0
46854.0,1,1,81,96,1,79,7,1,79,6,5,1,3,8,1,0,0,0,0,0,3,11,1,47,2249,0,0,1,0,0,0,0,0,0,1,184,105,1
69142.0,0,1,50,448,4,34,6,4,39,3,8,1,7,5,0,1,0,0,0,0,3,11,0,68,2159,1,0,0,0,0,0,0,1,0,0,496,457,1
75922.0,0,0,60,265,138,553,224,23,92,1,4,4,9,1,0,0,0,0,0,0,3,11,0,52,2361,0,0,1,0,0,0,0,1,0,0,1203,1111,0
63693.0,0,1,63,587,43,337,42,87,54,3,11,6,9,6,0,0,0,0,0,0,3,11,0,42,2417,1,0,0,0,0,0,0,1,0,0,1096,1042,0
102160.0,0,0,54,763,29,138,76,176,58,0,7,9,10,4,0,1,1,1,0,0,3,11,1,43,2763,0,0,0,1,0,0,0,0,0,1,1182,1124,3
40637.0,1,1,72,22,0,13,0,0,3,2,1,0,3,7,0,0,0,0,0,0,3,11,0,55,2506,0,0,1,0,0,0,0,0,0,1,35,32,0
18890.0,0,0,5,6,4,1,7,2,15,1,0,1,2,6,1,0,0,0,0,0,3,11,1,36,2755,0,0,1,0,0,0,0,0,1,0,20,5,1
29604.0,1,0,88,7,6,13,7,6,14,1,1,0,3,9,1,0,0,0,0,0,3,11,0,32,2362,0,0,0,1,0,0,0,1,0,0,39,25,1
48721.0,1,1,50,81,18,113,47,13,21,6,4,2,5,6,0,0,0,0,0,0,3,11,0,57,2571,1,0,0,0,0,0,0,0,1,0,272,251,0
44794.0,0,1,99,54,0,7,0,0,4,1,2,0,3,6,0,0,0,0,0,0,3,11,0,54,2180,0,1,0,0,0,0,0,1,0,0,61,57,0
64497.0,0,1,17,1170,48,320,42,32,192,5,11,4,9,8,1,0,0,0,0,0,3,11,1,66,2816,1,0,0,0,0,0,0,1,0,0,1612,1420,1
46097.0,0,1,11,72,24,68,65,4,8,5,3,1,6,4,0,0,0,0,0,0,3,11,0,64,2614,0,0,0,1,0,0,0,1,0,0,233,225,0
77972.0,0,0,18,613,22,319,33,102,12,1,4,6,9,1,0,0,0,0,0,0,3,11,0,66,2262,0,0,0,1,0,0,0,1,0,0,1089,1077,0
44377.0,1,1,70,224,0,30,0,0,10,8,5,1,5,8,0,0,0,0,0,0,3,11,0,52,2791,0,1,0,0,0,0,0,0,0,1,254,244,0
46014.0,1,1,21,410,0,59,19,9,44,10,7,1,8,7,0,0,0,0,0,0,3,11,0,46,2683,0,0,0,1,0,0,0,0,1,0,497,453,0
70951.0,0,0,66,239,10,554,254,87,54,1,3,4,9,1,0,0,0,0,0,0,3,11,0,35,2580,0,1,0,0,0,0,0,1,0,0,1144,1090,0
41443.0,1,0,79,171,7,171,25,19,89,6,8,1,5,8,0,0,0,0,0,0,3,11,0,43,2248,0,1,0,0,0,0,0,1,0,0,393,304,0
52195.0,2,1,2,12,0,4,0,0,1,1,1,0,2,8,0,0,0,0,0,0,3,11,0,42,2207,0,0,1,0,0,1,0,0,0,0,16,15,0
83790.0,0,0,81,1076,16,417,42,48,16,1,8,10,6,3,0,1,1,0,0,0,3,11,0,72,2385,0,1,0,0,0,0,0,0,1,0,1599,1583,2
44551.0,0,1,24,182,4,33,0,0,66,2,4,1,5,7,0,0,0,0,0,0,3,11,0,66,2461,0,0,0,0,1,0,0,0,1,0,219,153,0
69508.0,1,0,48,824,32,162,42,32,43,2,11,4,11,6,0,0,0,0,0,0,3,11,0,40,2751,0,0,0,1,0,0,0,1,0,0,1092,1049,0
45204.0,1,0,93,30,11,25,29,1,18,1,1,1,4,3,0,0,0,0,0,0,3,11,0,32,2238,0,0,0,1,0,1,0,0,0,0,96,78,0
72460.0,0,0,56,377,10,540,80,30,10,1,3,5,7,1,0,0,0,0,0,0,3,11,0,51,2386,0,1,0,0,0,0,0,1,0,0,1037,1027,0
77622.0,0,2,3,520,7,154,19,0,14,2,6,3,11,3,0,0,0,0,0,0,3,11,0,50,2235,0,0,0,1,0,0,0,0,0,1,700,686,0
30732.0,1,0,44,155,1,25,0,1,3,4,4,1,4,8,0,0,0,0,0,0,3,11,0,40,2699,0,1,0,0,0,0,0,0,0,1,182,179,0
63887.0,0,1,38,897,23,207,15,11,92,5,9,6,12,6,0,0,0,0,0,0,3,11,0,58,2818,1,0,0,0,0,0,0,1,0,0,1153,1061,0
42011.0,1,0,46,131,0,16,2,1,39,4,3,1,4,8,0,0,0,0,0,0,3,11,0,42,2619,0,0,0,1,0,0,0,1,0,0,150,111,0
51369.0,0,1,84,297,7,79,0,11,182,2,8,2,4,8,0,0,0,0,0,0,3,11,0,44,2771,0,0,0,1,0,0,0,1,0,0,394,212,0
51537.0,0,1,27,787,20,204,0,0,92,3,2,2,11,8,0,0,0,0,0,0,3,11,0,68,2726,1,0,0,0,0,0,0,1,0,0,1011,919,0
79930.0,0,0,72,792,86,740,67,51,17,1,3,5,8,2,0,0,0,0,0,0,3,11,0,48,2849,0,1,0,0,0,0,0,0,0,1,1736,1719,0
34320.0,1,0,66,4,1,9,3,0,0,1,1,0,2,8,0,0,0,0,0,0,3,11,0,34,2292,0,0,0,1,0,0,0,0,0,1,17,17,0
37070.0,1,1,30,231,7,137,4,15,39,9,5,1,8,7,0,0,0,0,0,0,3,11,1,54,2625,0,0,1,0,0,0,0,1,0,0,394,355,0
81975.0,0,1,2,983,76,184,180,138,27,1,6,3,4,7,0,0,1,0,0,0,3,11,0,58,2699,1,0,0,0,0,1,0,0,0,0,1561,1534,1
38590.0,1,0,65,3,1,8,4,3,3,1,1,0,2,8,0,0,0,0,0,0,3,11,0,49,2569,0,0,0,1,0,0,0,1,0,0,19,16,0
15033.0,0,0,37,0,4,5,6,0,4,1,1,0,3,3,0,0,0,0,0,0,3,11,0,69,2233,0,0,1,0,0,0,0,1,0,0,15,11,0
62745.0,0,1,89,562,21,464,28,10,32,3,7,8,11,5,0,0,0,0,0,0,3,11,0,55,2622,0,1,0,0,0,0,0,0,0,1,1085,1053,0
22212.0,1,0,49,5,9,20,6,8,21,2,2,0,4,6,0,0,0,0,0,0,3,11,0,45,2361,0,1,0,0,0,1,0,0,0,0,48,27,0
23661.0,1,0,46,18,0,4,0,0,1,1,1,0,3,7,0,0,0,0,0,0,3,11,0,38,2366,0,0,0,1,0,0,0,0,1,0,22,21,0
79761.0,0,1,32,415,5,124,15,35,11,1,5,2,11,3,0,0,0,0,0,0,3,11,0,62,2427,0,0,1,0,0,0,0,0,0,1,594,583,0
7500.0,1,0,54,5,3,10,12,7,20,4,3,1,3,7,0,0,0,0,0,0,3,11,0,47,2344,0,0,1,0,0,0,0,1,0,0,37,17,0
73455.0,0,0,98,901,61,757,186,163,20,1,6,5,10,3,0,1,0,0,0,0,3,11,0,52,2403,0,0,0,0,1,0,0,1,0,0,2068,2048,1
64961.0,0,1,97,382,114,276,75,124,38,2,6,4,4,3,0,0,0,0,0,0,3,11,0,62,2712,0,0,0,1,0,0,0,1,0,0,971,933,0
22804.0,1,0,75,14,1,7,2,1,1,1,2,0,2,9,0,0,0,0,0,0,3,11,0,49,2492,0,0,1,0,0,0,0,1,0,0,25,24,0
73687.0,0,0,8,559,153,503,218,13,181,1,3,9,9,2,0,0,0,1,0,0,3,11,1,30,2372,0,1,0,0,0,0,0,1,0,0,1446,1265,1
61074.0,0,1,37,789,0,133,0,28,152,7,11,5,8,7,0,0,0,0,0,0,3,11,0,62,2840,0,1,0,0,0,0,0,1,0,0,950,798,0
31686.0,1,1,31,11,0,5,0,0,1,2,1,0,3,6,0,0,0,0,0,0,3,11,0,56,2183,0,1,0,0,0,0,0,0,0,1,16,15,0
80134.0,1,0,40,1218,16,272,104,0,80,2,5,3,6,6,0,1,1,1,0,0,3,11,1,48,2564,0,1,0,0,0,0,0,1,0,0,1610,1530,3
75027.0,0,1,74,925,64,179,133,12,77,2,9,4,6,5,0,0,0,0,0,0,3,11,0,67,2695,0,1,0,0,0,0,0,1,0,0,1313,1236,0
67546.0,0,0,90,864,134,768,150,38,172,1,4,10,5,3,0,0,0,0,0,0,3,11,0,32,2826,0,1,0,0,0,0,0,0,0,1,1954,1782,0
65176.0,0,1,57,960,28,183,220,70,70,4,9,6,6,6,0,0,0,0,0,0,3,11,0,51,2767,0,0,0,1,0,0,0,0,1,0,1461,1391,0
31160.0,1,0,59,16,3,25,6,1,13,2,2,0,3,8,0,0,0,0,0,0,3,11,0,45,2445,0,0,1,0,0,0,0,0,1,0,51,38,0
29938.0,1,0,52,3,3,7,0,2,11,2,1,0,3,6,0,0,0,0,0,0,3,11,0,35,2404,0,0,1,0,0,0,0,1,0,0,15,4,0
102692.0,0,0,5,168,148,444,32,172,148,1,6,9,13,2,0,1,1,1,1,0,3,11,1,46,2609,1,0,0,0,0,0,0,1,0,0,964,816,4
26490.0,0,0,92,45,47,52,21,20,25,2,3,1,5,6,0,0,0,0,0,0,3,11,0,62,2804,0,0,0,1,0,1,0,0,0,0,185,160,0
75702.0,1,1,77,650,28,353,45,42,30,5,4,6,11,8,0,0,0,0,0,0,3,11,0,53,2828,0,0,0,1,0,0,0,1,0,0,1118,1088,0
30899.0,1,0,35,24,0,8,0,0,1,2,1,0,3,6,0,0,0,0,0,0,3,11,0,46,2783,0,0,1,0,0,0,0,0,0,1,32,31,0
63342.0,0,1,48,918,21,118,13,10,21,3,8,3,5,6,0,1,0,0,0,0,3,11,0,59,2780,0,0,0,1,0,0,0,0,0,1,1080,1059,1
45989.0,0,1,97,138,33,87,28,24,12,4,3,2,7,3,0,0,0,0,0,0,3,11,0,56,2774,0,0,1,0,0,0,0,1,0,0,310,298,0
18701.0,1,1,95,12,4,2,10,6,10,4,2,0,4,5,0,0,0,0,0,0,3,11,0,56,2549,0,0,1,0,0,0,0,1,0,0,34,24,0
40737.0,2,1,24,11,0,4,0,0,2,1,1,0,2,8,0,0,0,0,0,0,3,11,0,63,2362,0,0,1,0,0,0,0,0,0,1,15,13,0
15287.0,1,0,60,1,2,8,4,3,13,2,1,1,2,7,1,0,0,0,0,0,3,11,1,41,2786,1,0,0,0,0,0,0,1,0,0,18,5,1
69674.0,0,2,46,554,41,215,11,0,24,3,10,2,10,5,0,0,0,0,0,0,3,11,0,52,2562,1,0,0,0,0,0,0,0,0,1,821,797,0
44159.0,1,0,85,167,2,62,24,13,7,4,4,1,6,5,0,0,0,0,0,0,3,11,0,50,2171,0,1,0,0,0,0,0,0,1,0,268,261,0
37717.0,1,0,31,9,0,6,4,1,5,1,1,0,2,9,0,0,0,0,0,0,3,11,0,42,2742,0,1,0,0,0,0,0,0,0,1,20,15,0
43776.0,1,1,9,177,2,71,3,2,20,6,5,2,4,8,0,0,0,0,0,0,3,11,1,68,2670,0,0,0,1,0,0,0,0,1,0,255,235,0
38179.0,1,1,30,38,4,22,4,2,20,4,3,1,3,7,0,0,0,0,0,0,3,11,0,54,2631,0,1,0,0,0,0,0,0,1,0,70,50,0
80124.0,0,0,47,483,84,398,205,84,241,1,3,7,8,1,1,0,0,0,0,0,3,11,0,57,2162,0,1,0,0,0,0,0,1,0,0,1254,1013,1
38097.0,1,1,70,77,2,35,0,1,69,4,3,2,2,7,1,0,0,0,0,0,3,11,1,50,2781,0,1,0,0,0,0,0,0,0,1,115,46,1
72940.0,0,0,13,182,74,298,162,149,116,1,3,3,6,1,0,0,0,0,0,0,3,11,0,50,2534,0,1,0,0,0,0,0,1,0,0,865,749,0
22070.0,1,0,11,10,7,19,8,2,21,2,2,2,2,6,0,0,0,0,0,0,3,11,0,50,2427,0,0,0,1,0,0,0,1,0,0,46,25,0
69267.0,0,0,31,778,44,499,95,73,146,2,3,4,5,7,0,0,0,0,0,0,3,11,1,67,2804,0,0,1,0,0,0,0,1,0,0,1489,1343,0
31788.0,1,0,15,16,7,23,0,8,6,3,3,0,4,5,0,0,0,0,0,1,3,11,0,37,2260,0,0,1,0,0,0,0,0,1,0,54,48,0
61905.0,0,1,2,167,0,43,6,2,13,2,4,2,4,5,0,0,0,0,0,0,3,11,0,45,2304,0,0,0,1,0,0,0,0,0,1,218,205,0
29315.0,1,1,55,13,2,14,8,7,4,4,2,0,4,6,0,0,0,0,0,0,3,11,0,60,2243,0,1,0,0,0,0,0,1,0,0,44,40,0
33378.0,1,1,38,33,6,40,3,7,10,3,2,0,4,7,0,0,0,0,0,0,3,11,0,57,2667,1,0,0,0,0,0,0,1,0,0,89,79,0
66313.0,0,1,86,625,7,99,10,22,7,2,6,3,12,4,0,0,0,0,0,0,3,11,0,57,2445,0,0,0,1,0,0,0,0,0,1,763,756,0
60714.0,0,0,56,216,162,224,101,92,162,2,7,4,10,5,0,0,0,0,0,0,3,11,1,64,2687,0,0,1,0,0,0,0,1,0,0,795,633,0
77882.0,0,0,29,68,129,396,188,22,15,1,3,3,5,1,0,0,0,0,0,0,3,11,0,39,2219,0,0,0,1,0,0,0,0,1,0,803,788,0
69867.0,0,0,30,196,0,512,33,130,54,1,3,5,8,1,0,0,0,1,0,0,3,11,1,34,2612,0,0,1,0,0,0,0,0,0,1,871,817,1
63841.0,0,1,64,635,15,100,20,7,131,1,9,3,9,6,0,0,0,0,0,0,3,11,0,52,2593,1,0,0,0,0,0,0,0,1,0,777,646,0
24480.0,1,0,46,4,19,9,28,25,17,3,3,0,4,7,0,0,0,0,0,0,3,11,0,39,2662,0,1,0,0,0,0,1,0,0,0,85,68,0
51369.0,0,1,84,297,7,79,0,11,182,2,8,2,4,8,0,0,0,0,0,0,3,11,0,44,2771,0,0,0,1,0,0,0,1,0,0,394,212,0
37760.0,0,0,20,84,5,38,150,12,28,2,4,1,6,7,0,0,0,0,0,0,3,11,0,74,2826,0,0,0,1,0,0,0,1,0,0,289,261,0
65640.0,0,1,74,204,7,149,20,15,66,1,5,1,8,2,0,0,0,0,0,0,3,11,0,46,2279,0,0,0,1,0,0,0,0,0,1,395,329,0
44319.0,1,1,18,26,0,8,0,0,3,2,2,0,3,5,0,0,0,0,0,0,3,11,0,45,2232,0,1,0,0,0,0,0,0,1,0,34,31,0
30631.0,1,0,75,15,6,20,4,5,20,1,3,1,2,7,0,0,0,0,0,0,3,11,0,46,2511,0,1,0,0,0,0,0,1,0,0,50,30,0
75278.0,0,0,17,304,98,230,150,74,74,1,6,3,13,3,0,0,0,0,0,0,3,11,0,68,2675,0,0,0,1,0,0,0,1,0,0,856,782,0
50898.0,1,1,88,285,28,242,55,114,135,13,6,2,12,5,0,0,0,0,0,0,3,11,0,64,2696,0,0,0,1,0,0,0,0,1,0,724,589,0
79946.0,0,0,19,395,183,565,166,141,28,1,5,11,5,3,0,0,0,0,0,0,3,11,0,54,2207,0,0,0,0,1,0,0,1,0,0,1450,1422,0
35416.0,0,0,62,248,3,81,4,3,51,3,7,1,5,8,0,0,0,0,0,0,3,11,0,71,2540,1,0,0,0,0,0,0,0,1,0,339,288,0
32414.0,0,0,11,20,6,5,0,9,12,1,1,0,3,7,1,0,0,0,0,0,3,11,0,36,2519,0,0,0,1,0,1,0,0,0,0,40,28,1
38361.0,1,0,74,39,0,56,20,8,14,3,3,1,3,7,0,0,0,0,0,0,3,11,0,51,2343,0,0,0,1,0,0,0,1,0,0,123,109,0
82497.0,0,0,32,777,129,573,216,21,203,1,2,7,9,4,0,0,1,0,0,0,3,11,0,40,2765,0,1,0,0,0,0,0,1,0,0,1716,1513,1
16626.0,2,0,76,8,3,22,21,1,13,3,3,0,3,9,0,0,0,0,0,0,3,11,0,49,2324,0,0,0,1,0,0,0,1,0,0,55,42,0
29672.0,1,1,6,9,1,3,0,4,8,1,0,0,3,6,0,0,0,0,0,0,3,11,0,55,2633,0,0,0,1,0,0,0,1,0,0,17,9,0
55951.0,0,1,62,1241,0,80,0,13,40,3,3,6,11,8,0,1,0,0,1,0,3,11,0,68,2834,0,0,0,1,0,0,0,0,1,0,1334,1294,2
35388.0,1,0,20,6,4,7,4,3,8,1,1,0,3,7,0,0,0,0,0,0,3,11,0,32,2638,1,0,0,0,0,1,0,0,0,0,24,16,0
42386.0,1,0,43,65,4,16,0,4,11,1,3,0,3,8,0,0,0,0,0,0,3,11,0,34,2691,0,0,0,1,0,0,0,0,1,0,89,78,0
68627.0,0,0,45,395,15,263,60,54,38,1,2,3,6,1,0,0,0,0,0,0,3,11,0,38,2692,0,0,1,0,0,0,0,1,0,0,787,749,0
57912.0,0,1,34,801,0,80,0,0,35,5,8,3,12,5,0,1,0,0,0,0,3,11,0,55,2263,1,0,0,0,0,0,0,0,0,1,881,846,1
35246.0,1,1,53,36,0,12,2,2,10,4,3,1,3,5,0,0,0,0,0,0,3,11,0,62,2233,1,0,0,0,0,0,0,1,0,0,52,42,0
58821.0,0,1,44,513,14,154,19,0,28,1,9,2,9,6,0,0,0,0,0,0,3,11,0,64,2419,0,0,0,1,0,1,0,0,0,0,700,672,0
46377.0,1,0,89,37,0,46,4,3,0,1,2,1,3,4,0,0,0,0,0,0,3,11,0,42,2279,0,1,0,0,0,0,0,0,0,1,90,90,0
39747.0,1,0,43,80,15,93,20,13,52,3,5,1,4,8,0,0,0,0,0,0,3,11,0,32,2236,0,0,1,0,0,0,0,1,0,0,221,169,0
23976.0,1,0,68,14,1,21,2,3,25,3,3,1,3,7,0,0,0,0,0,0,3,11,0,36,2343,0,0,0,1,0,0,0,1,0,0,41,16,0
80950.0,0,0,44,525,147,112,219,147,63,1,6,7,9,2,0,0,0,1,0,0,3,11,0,59,2617,0,1,0,0,0,0,0,0,1,0,1150,1087,1
27038.0,0,0,64,1,26,25,17,23,15,1,3,0,3,9,0,0,0,0,0,0,3,11,1,54,2808,0,0,0,0,1,0,0,1,0,0,92,77,0
77457.0,0,0,85,675,11,400,15,45,11,1,2,5,10,1,0,0,1,0,0,0,3,11,0,73,2275,0,0,1,0,0,0,0,1,0,0,1146,1135,1
64100.0,0,1,93,509,0,27,0,0,10,1,8,3,6,7,0,1,0,0,0,0,3,11,0,56,2451,0,1,0,0,0,0,0,0,1,0,536,526,1
42670.0,0,0,12,154,2,46,20,4,15,1,4,2,4,4,0,0,0,0,0,0,3,11,0,28,2587,0,0,0,1,0,0,0,0,1,0,226,211,0
12571.0,1,0,86,3,5,14,2,12,17,4,3,1,3,6,0,0,0,0,0,0,3,11,0,44,2321,1,0,0,0,0,0,0,1,0,0,36,19,0
22574.0,2,1,28,25,0,8,2,0,2,2,2,0,3,7,0,0,0,0,0,0,3,11,0,53,2403,0,1,0,0,0,0,0,1,0,0,35,33,0
70893.0,0,0,42,768,44,561,77,44,14,1,6,6,10,3,0,0,0,0,0,0,3,11,0,44,2667,0,0,1,0,0,0,0,0,1,0,1494,1480,0
54198.0,1,1,13,185,0,28,3,2,17,6,3,1,6,4,0,0,0,0,0,0,3,11,0,54,2353,0,1,0,0,0,0,0,1,0,0,218,201,0
28839.0,1,1,86,24,0,7,0,0,1,2,2,0,3,5,0,0,0,0,0,0,3,11,0,64,2269,0,0,0,1,0,0,0,0,1,0,31,30,0
40321.0,1,1,59,44,4,21,6,0,27,2,3,0,3,7,0,0,0,0,0,0,3,11,0,48,2494,0,1,0,0,0,0,0,1,0,0,75,48,0
66503.0,1,0,30,91,64,128,65,3,50,2,4,3,6,3,0,0,0,0,0,0,3,11,0,35,2843,0,0,1,0,0,0,0,1,0,0,351,301,0
30833.0,1,1,33,11,0,7,3,1,6,2,1,0,3,5,0,0,0,0,0,0,3,11,0,69,2507,0,1,0,0,0,0,0,1,0,0,22,16,0
64795.0,0,1,23,412,5,119,38,29,77,3,3,3,12,2,0,0,0,0,0,0,3,11,0,49,2687,0,1,0,0,0,0,0,1,0,0,603,526,0
34421.0,1,0,81,3,3,7,6,2,9,1,1,0,2,7,0,0,0,0,0,0,3,11,0,46,2522,0,1,0,0,0,0,0,1,0,0,21,12,0
47025.0,1,1,6,16,0,3,0,0,1,1,1,0,2,7,0,0,0,0,0,0,3,11,0,55,2299,1,0,0,0,0,0,0,0,0,1,19,18,0
64325.0,0,1,41,731,60,353,78,12,73,5,10,3,5,7,0,0,0,0,0,0,3,11,0,59,2666,1,0,0,0,0,0,0,0,0,1,1234,1161,0
40464.0,0,1,78,424,17,118,7,23,41,6,8,2,8,8,0,0,0,0,0,0,3,11,0,67,2693,0,0,1,0,0,0,0,1,0,0,589,548,0
62187.0,0,0,49,792,0,275,45,45,126,1,4,8,5,3,0,0,0,0,0,0,3,11,0,63,2518,0,1,0,0,0,0,0,1,0,0,1157,1031,0
14849.0,1,0,39,21,2,28,3,2,9,3,2,0,4,8,0,0,0,0,0,0,3,11,0,44,2521,1,0,0,0,0,0,0,0,0,1,56,47,0
27255.0,1,0,3,22,1,11,0,1,2,1,1,0,3,7,0,0,0,0,0,0,3,11,0,36,2393,0,1,0,0,0,0,0,1,0,0,35,33,0
54432.0,2,1,37,33,0,5,0,0,0,1,1,0,3,4,0,0,0,0,0,0,3,11,0,70,2575,0,1,0,0,0,0,0,0,0,1,38,38,0
29999.0,1,0,22,68,7,59,10,5,11,4,3,1,4,8,0,0,0,0,0,0,3,11,0,34,2660,0,0,1,0,0,0,0,0,0,1,149,138,0
24072.0,1,0,79,9,1,6,3,0,4,1,1,0,2,8,0,0,0,0,0,0,3,11,0,37,2598,0,0,1,0,0,0,0,1,0,0,19,15,0
33996.0,0,0,46,40,2,15,8,0,6,1,1,1,3,4,0,0,0,0,0,0,3,11,0,31,2450,0,0,1,0,0,0,0,0,0,1,65,59,0
66334.0,0,1,82,909,11,218,0,0,23,2,9,3,5,5,0,0,0,0,0,0,3,11,1,64,2611,0,1,0,0,0,0,0,0,0,1,1138,1115,0
35178.0,1,0,10,23,1,13,2,2,18,1,1,1,2,7,1,0,0,0,0,0,3,11,1,49,2694,0,1,0,0,0,0,0,0,1,0,41,23,1
22010.0,1,0,51,11,2,9,3,0,8,2,2,0,3,8,0,0,0,0,0,0,3,11,0,37,2523,0,0,0,1,0,0,0,1,0,0,25,17,0
62204.0,0,2,38,317,46,247,151,46,139,1,4,5,12,3,0,0,0,0,0,0,3,11,0,60,2814,1,0,0,0,0,0,0,1,0,0,807,668,0
75693.0,0,0,10,797,153,293,72,97,30,1,11,4,6,4,0,1,1,1,0,0,3,11,1,52,2729,1,0,0,0,0,0,0,1,0,0,1412,1382,3
30675.0,1,0,14,10,2,16,11,2,21,1,1,0,3,8,0,0,0,0,0,0,3,11,0,48,2753,0,1,0,0,0,0,0,1,0,0,41,20,0
83003.0,0,0,18,856,61,570,40,25,122,1,7,6,8,3,0,0,1,0,0,0,3,11,1,55,2642,0,0,0,1,0,0,0,1,0,0,1552,1430,1
68655.0,0,0,95,456,19,832,75,118,38,1,4,5,11,3,0,0,0,0,0,0,3,11,0,32,2847,0,0,1,0,0,0,0,1,0,0,1500,1462,0
41411.0,0,0,11,37,32,38,11,3,18,1,2,1,4,6,0,0,0,0,0,0,3,11,0,34,2363,1,0,0,0,0,0,0,1,0,0,121,103,0
55212.0,0,1,65,1103,0,45,0,0,34,3,4,2,11,8,0,1,0,0,1,0,3,11,0,51,2742,0,1,0,0,0,0,0,0,0,1,1148,1114,2
59292.0,0,1,71,378,14,68,19,14,14,2,3,5,8,3,0,0,0,0,0,0,3,11,0,70,2540,0,0,0,1,0,0,0,0,0,1,493,479,0
27190.0,1,0,13,1,6,7,0,1,3,1,1,0,2,8,1,0,0,0,0,0,3,11,1,47,2477,0,0,0,1,0,0,1,0,0,0,15,12,1
82623.0,0,0,58,204,34,204,172,153,173,1,2,9,4,1,0,0,0,0,0,0,3,11,0,68,2390,1,0,0,0,0,0,0,1,0,0,767,594,0
44300.0,1,1,65,30,0,9,0,0,3,2,1,0,3,6,0,0,0,0,0,0,3,11,0,55,2530,0,1,0,0,0,0,0,1,0,0,39,36,0
84835.0,0,0,0,189,104,379,111,189,218,1,4,4,6,1,0,0,0,0,0,0,3,11,1,50,2172,1,0,0,0,0,0,0,1,0,0,972,754,0
30372.0,1,1,33,15,0,12,7,3,7,3,2,0,3,7,0,0,0,0,0,0,3,11,0,49,2710,0,0,0,0,1,0,0,1,0,0,37,30,0
33181.0,1,0,90,9,0,3,0,0,4,1,1,0,2,6,1,0,0,0,0,0,3,11,0,44,2336,0,1,0,0,0,0,0,0,1,0,12,8,1
71113.0,0,1,95,495,33,255,11,33,8,4,6,7,9,4,0,0,0,0,0,0,3,11,0,63,2353,0,1,0,0,0,0,0,1,0,0,827,819,0
71952.0,1,0,93,656,80,455,52,107,93,2,8,4,8,4,1,0,1,0,0,0,3,11,0,34,2694,0,1,0,0,0,0,0,1,0,0,1350,1257,2
69759.0,0,0,38,452,20,514,13,30,0,3,4,6,5,3,0,0,0,0,0,0,3,11,1,54,2403,0,0,1,0,0,0,0,0,0,1,1029,1029,0
72099.0,0,0,18,546,91,410,119,0,22,1,3,4,10,1,0,0,0,0,0,0,3,11,0,46,2769,0,1,0,0,0,0,0,1,0,0,1166,1144,0
60000.0,0,1,57,1048,0,217,0,0,12,5,11,3,5,6,0,0,0,0,0,0,3,11,0,44,2713,0,0,1,0,0,0,0,0,0,1,1265,1253,0
38643.0,1,1,45,22,2,14,0,1,10,2,2,0,3,7,0,0,0,0,0,1,3,11,0,42,2371,0,0,1,0,0,0,0,1,0,0,39,29,0
50737.0,0,1,61,78,0,11,0,0,10,1,2,0,4,6,0,1,0,0,0,0,3,11,0,65,2573,0,1,0,0,0,0,0,1,0,0,89,79,1
68462.0,0,0,6,561,64,785,84,128,48,1,3,3,8,1,0,0,0,0,0,0,3,11,0,51,2723,0,1,0,0,0,0,0,0,0,1,1622,1574,0
65073.0,0,0,65,629,17,177,69,0,8,1,5,3,5,2,0,0,0,0,0,1,3,11,0,77,2472,0,1,0,0,0,0,0,0,1,0,892,884,0
46681.0,0,2,52,269,15,69,15,19,38,2,4,6,4,5,0,0,0,0,0,0,3,11,0,72,2423,0,0,0,1,0,0,0,0,0,1,387,349,0
78618.0,0,0,87,736,163,818,212,163,61,1,4,7,10,2,0,1,0,0,0,0,3,11,0,63,2798,0,1,0,0,0,0,0,1,0,0,2092,2031,1
62187.0,0,1,38,512,0,83,0,0,41,3,6,2,10,4,0,0,0,0,0,0,3,11,0,51,2258,0,0,0,0,1,0,0,0,0,1,595,554,0
28442.0,2,0,53,19,3,10,11,8,6,3,2,1,4,4,0,0,0,0,0,0,3,11,0,42,2284,0,1,0,0,0,0,0,1,0,0,51,45,0
37717.0,1,0,31,9,0,6,4,1,5,1,1,0,2,9,0,0,0,0,0,0,3,11,0,42,2742,0,1,0,0,0,0,0,0,0,1,20,15,0
51479.0,1,1,67,247,8,160,6,8,65,7,6,3,6,7,0,0,0,0,0,0,3,11,0,53,2707,0,1,0,0,0,0,0,1,0,0,429,364,0
54803.0,0,1,65,404,0,92,28,27,142,2,6,2,9,4,0,0,0,0,0,0,3,11,0,51,2836,0,0,1,0,0,0,0,1,0,0,551,409,0
79530.0,0,0,64,333,0,815,129,42,29,1,4,10,11,2,0,0,0,0,0,0,3,11,0,60,2567,0,1,0,0,0,0,0,1,0,0,1319,1290,0
31615.0,1,0,82,2,3,20,6,11,9,2,2,0,3,7,0,0,0,0,0,0,3,11,0,44,2629,1,0,0,0,0,0,0,1,0,0,42,33,0
72025.0,0,0,27,833,33,549,151,133,233,1,4,3,8,3,0,0,0,0,0,0,3,11,0,58,2748,0,0,0,1,0,0,0,1,0,0,1699,1466,0
52614.0,0,1,63,789,0,142,12,9,38,2,2,4,8,8,0,0,0,0,0,0,3,11,0,45,2734,0,0,1,0,0,0,0,0,0,1,952,914,0
35684.0,1,0,66,10,4,7,0,6,3,1,1,0,3,6,0,0,0,0,0,0,3,11,0,36,2227,0,1,0,0,0,1,0,0,0,0,27,24,0
48178.0,1,1,69,159,4,45,6,2,38,6,5,1,4,8,0,0,0,0,0,0,3,11,0,45,2768,0,1,0,0,0,0,0,1,0,0,216,178,0
29548.0,1,0,52,7,1,6,3,1,11,1,1,1,2,4,1,0,0,0,0,0,3,11,0,50,2463,0,0,1,0,0,0,0,0,1,0,18,7,1
63810.0,0,1,45,977,12,253,16,12,101,4,4,3,12,8,0,1,0,0,0,0,3,11,0,54,2754,0,0,1,0,0,0,0,1,0,0,1270,1169,1
38578.0,1,1,2,38,4,22,3,3,3,3,3,0,3,8,0,0,0,0,0,0,3,11,1,48,2531,0,0,1,0,0,0,0,0,0,1,70,67,0
46098.0,1,1,86,57,0,27,0,0,36,4,3,2,2,8,0,0,0,0,0,0,3,11,0,45,2839,0,0,1,0,0,0,0,0,1,0,84,48,0
22585.0,0,0,23,3,9,15,13,2,39,1,1,1,2,9,1,0,0,0,0,0,3,11,1,50,2627,0,0,1,0,0,0,0,1,0,0,42,3,1
30279.0,1,0,13,10,4,14,4,4,1,1,1,0,3,8,0,0,0,0,0,0,3,11,0,31,2705,0,0,1,0,0,0,0,1,0,0,36,35,0
66426.0,0,1,14,1043,24,97,32,24,157,2,3,5,10,6,0,0,0,0,0,0,3,11,0,59,2429,0,0,0,1,0,0,0,0,0,1,1220,1063,0
30822.0,1,0,92,3,9,13,2,12,12,1,1,0,3,7,0,0,0,0,0,0,3,11,0,51,2539,0,0,1,0,0,0,0,1,0,0,39,27,0
33581.0,2,0,38,11,0,5,0,0,1,1,1,0,2,8,0,0,0,0,0,0,3,11,0,51,2696,0,1,0,0,0,0,0,0,0,1,16,15,0
19986.0,1,0,74,3,6,5,0,2,6,1,0,0,3,7,0,0,0,0,0,0,3,11,0,35,2386,0,1,0,0,0,0,0,1,0,0,16,10,0
27421.0,0,0,14,43,12,96,78,40,55,3,4,1,6,7,0,0,0,0,0,0,3,11,0,66,2723,0,0,0,0,1,0,0,1,0,0,269,214,0
35688.0,2,1,94,73,3,90,12,1,32,7,4,1,4,8,0,0,0,0,0,0,3,11,0,47,2835,0,1,0,0,0,1,0,0,0,0,179,147,0
36143.0,1,0,33,12,0,1,0,0,6,1,0,1,2,3,0,0,0,0,0,0,3,11,0,39,2250,0,0,1,0,0,0,0,0,1,0,13,7,0
10245.0,1,0,32,4,7,7,6,4,13,3,1,2,2,5,0,0,0,0,0,0,3,11,0,49,2569,0,0,1,0,0,0,0,1,0,0,28,15,0
43795.0,0,1,11,314,11,53,4,3,107,3,7,3,4,7,0,1,0,0,0,0,3,11,1,52,2415,0,0,0,1,0,0,0,0,1,0,385,278,1
63381.0,0,1,78,571,50,142,33,50,159,4,4,5,13,2,0,0,0,0,0,0,3,11,0,60,2791,0,0,0,1,0,0,0,1,0,0,846,687,0
38823.0,0,1,56,70,0,11,2,8,23,1,2,1,3,6,0,0,0,0,0,0,3,11,0,71,2827,0,0,0,1,0,0,0,1,0,0,91,68,0
83664.0,1,1,57,866,21,151,28,21,86,3,2,2,12,5,0,0,0,0,0,0,3,11,0,52,2576,1,0,0,0,0,0,0,0,0,1,1087,1001,0
90300.0,0,0,7,594,134,786,33,134,57,0,5,6,8,1,0,0,1,0,0,0,3,11,0,41,2336,0,0,0,1,0,0,0,1,0,0,1681,1624,1
62499.0,1,0,0,140,4,61,0,13,4,2,3,1,6,4,0,0,0,0,0,0,3,11,0,41,2361,0,0,0,1,0,0,0,0,1,0,218,214,0
74293.0,0,0,66,375,152,335,93,91,81,1,5,4,6,2,0,0,0,0,0,0,3,11,0,27,2215,0,0,1,0,0,0,0,1,0,0,1046,965,0
51012.0,0,0,86,102,9,63,2,9,24,1,4,1,4,6,0,0,0,0,0,0,3,11,0,74,2596,0,1,0,0,0,0,0,0,0,1,185,161,0
70777.0,0,1,80,554,35,113,0,7,78,3,5,3,12,3,0,0,0,0,0,0,3,11,0,52,2283,0,1,0,0,0,0,0,0,1,0,709,631,0
68682.0,0,0,56,919,0,505,99,30,45,1,4,9,10,2,0,0,0,0,0,0,3,11,0,29,2425,0,0,0,1,0,0,0,0,0,1,1553,1508,0
43824.0,1,1,18,96,1,42,12,3,32,4,3,1,4,8,0,0,0,0,0,0,3,11,0,49,2811,0,1,0,0,0,0,0,1,0,0,154,122,0
15345.0,1,0,51,5,2,16,3,2,19,2,1,1,2,8,0,0,0,0,0,0,3,11,1,36,2826,0,0,0,1,0,0,0,1,0,0,28,9,0
23442.0,1,0,71,2,0,6,8,6,5,1,1,0,3,7,0,0,0,0,0,0,3,11,0,33,2711,0,0,1,0,0,0,0,1,0,0,22,17,0
14515.0,1,0,71,6,4,9,6,36,35,4,2,2,3,7,0,0,0,0,0,0,3,11,1,40,2756,0,0,0,1,0,1,0,0,0,0,61,26,0
31395.0,1,1,80,23,1,25,0,8,7,4,2,1,3,6,0,0,0,0,0,0,3,11,0,64,2622,1,0,0,0,0,1,0,0,0,0,57,50,0
75276.0,0,0,2,610,105,125,137,42,21,1,9,4,9,5,0,0,0,0,0,0,3,11,0,55,2799,0,0,0,1,0,0,0,1,0,0,1019,998,0
42373.0,1,1,83,67,5,61,3,8,19,5,2,1,5,5,0,0,0,0,0,0,3,11,0,46,2477,0,0,1,0,0,0,0,1,0,0,144,125,0
30507.0,0,0,29,65,36,74,38,20,110,1,5,1,4,7,0,0,0,0,0,0,3,11,0,60,2634,0,0,0,1,0,0,0,1,0,0,233,123,0
55521.0,1,2,11,416,0,26,0,0,4,9,6,3,6,7,0,1,0,0,0,0,3,11,1,65,2409,0,0,1,0,0,0,0,0,0,1,442,438,1
48006.0,1,1,55,23,0,11,3,2,2,1,1,0,3,6,0,0,0,0,0,0,3,11,0,55,2179,0,1,0,0,0,0,0,1,0,0,39,37,0
27213.0,1,0,19,19,3,26,10,9,3,3,2,0,4,8,0,0,0,0,0,0,3,11,1,48,2827,0,0,1,0,0,0,0,0,0,1,67,64,0
65808.0,1,1,1,155,7,80,13,7,10,3,5,1,5,6,0,0,0,0,0,0,3,11,0,49,2189,1,0,0,0,0,0,0,0,0,1,262,252,0
30351.0,1,0,19,14,0,24,3,3,2,1,3,0,2,9,0,0,0,0,0,0,3,11,0,46,2547,0,0,0,1,0,0,0,0,0,1,44,42,0
50437.0,0,2,28,370,9,92,6,9,4,3,7,1,8,7,0,0,0,0,0,0,3,11,0,57,2779,0,1,0,0,0,0,0,1,0,0,486,482,0
23616.0,1,0,76,4,22,11,3,7,32,2,3,0,3,8,0,0,0,0,0,0,3,11,1,38,2748,0,0,1,0,0,1,0,0,0,0,47,15,0
53858.0,0,1,50,407,53,221,58,150,26,4,4,3,6,4,0,0,0,0,0,0,3,11,0,44,2756,0,1,0,0,0,0,0,1,0,0,889,863,0
66465.0,0,1,1,1200,0,204,38,29,14,3,11,9,12,6,0,0,0,1,0,0,3,11,0,65,2615,0,1,0,0,0,0,0,0,0,1,1471,1457,1
46923.0,1,0,90,85,44,54,102,78,6,3,5,1,7,7,0,0,0,0,0,0,3,11,0,33,2835,0,0,1,0,0,0,0,1,0,0,363,357,0
75072.0,0,1,83,583,34,309,0,22,125,2,5,4,8,3,0,0,0,0,0,0,3,11,0,58,2681,0,0,0,1,0,0,0,1,0,0,948,823,0
75865.0,0,0,73,483,0,591,156,0,12,1,3,5,10,1,0,0,0,0,0,0,3,11,0,77,2249,0,1,0,0,0,0,0,0,0,1,1230,1218,0
19789.0,1,0,24,2,5,9,28,6,28,3,2,1,3,5,1,0,0,0,0,0,3,11,0,45,2380,0,0,0,1,0,1,0,0,0,0,50,22,1
80134.0,0,0,11,966,26,282,52,26,26,1,2,7,11,5,0,1,1,1,1,0,3,11,0,26,2294,0,0,0,1,0,0,0,1,0,0,1352,1326,4
91065.0,0,0,33,822,114,108,179,137,114,1,7,9,9,3,0,0,1,1,0,0,3,11,1,39,2651,0,0,1,0,0,0,0,1,0,0,1360,1246,2
49505.0,1,1,4,604,0,100,19,0,28,9,10,2,8,8,0,0,0,0,0,0,3,11,0,49,2640,0,1,0,0,0,0,0,0,1,0,723,695,0
37401.0,1,0,14,19,3,19,3,1,3,2,2,0,3,7,0,0,0,0,0,0,3,11,0,47,2213,0,1,0,0,0,0,0,0,0,1,45,42,0
30096.0,1,0,30,5,3,11,12,5,9,1,2,0,3,6,0,0,0,0,0,0,3,11,0,37,2197,0,1,0,0,0,0,0,1,0,0,36,27,0
18492.0,1,0,75,2,2,2,2,1,1,1,1,0,2,8,0,0,0,0,0,0,3,11,0,38,2183,0,0,0,1,0,0,0,0,1,0,9,8,0
82584.0,0,0,26,1076,68,103,29,91,68,1,3,4,8,1,0,1,1,0,0,0,3,11,1,46,2549,0,1,0,0,0,0,0,0,1,0,1367,1299,2
93027.0,0,0,77,1285,42,716,55,0,21,0,7,10,5,2,0,0,1,0,0,0,3,11,0,79,2601,0,1,0,0,0,0,0,0,0,1,2098,2077,1
48686.0,1,2,8,10,0,7,2,0,1,1,1,0,2,8,0,0,0,0,0,0,3,11,0,67,2366,0,1,0,0,0,0,0,1,0,0,19,18,0
92910.0,0,0,42,551,137,792,179,103,33,1,6,7,13,1,0,1,1,1,0,0,3,11,0,34,2225,0,1,0,0,0,0,0,1,0,0,1762,1729,3
75433.0,1,0,28,800,0,297,0,34,57,2,2,5,10,6,0,1,0,1,0,0,3,11,0,31,2244,0,1,0,0,0,0,0,1,0,0,1131,1074,2
10404.0,1,0,52,2,2,11,10,6,12,2,1,0,4,5,0,0,0,0,0,0,3,11,0,31,2215,0,0,0,1,0,1,0,0,0,0,31,19,0
61314.0,0,1,1,378,0,189,97,172,172,2,5,5,12,3,0,0,0,0,0,0,3,11,0,52,2589,0,1,0,0,0,0,0,1,0,0,836,664,0
84865.0,0,0,1,1248,16,349,43,16,16,1,2,4,9,4,0,1,1,1,1,0,3,11,1,59,2575,0,0,1,0,0,0,0,0,0,1,1672,1656,4
42387.0,1,0,42,235,0,235,19,4,191,5,8,1,7,8,0,0,0,0,0,0,3,11,0,31,2767,0,1,0,0,0,0,0,1,0,0,493,302,0
67309.0,1,1,76,515,47,181,149,95,95,15,9,6,9,7,0,0,0,0,0,0,3,11,0,53,2681,0,0,0,1,0,1,0,0,0,0,987,892,0
75236.0,0,1,27,438,66,400,12,38,114,1,8,3,13,4,0,0,0,0,0,0,3,11,0,56,2375,0,1,0,0,0,0,0,1,0,0,954,840,0
30015.0,1,0,28,25,0,22,2,3,5,2,1,0,4,5,0,0,0,0,0,0,3,11,0,50,2306,0,0,1,0,0,0,0,1,0,0,52,47,0
50943.0,0,1,49,31,0,7,2,0,6,1,1,0,3,5,0,0,0,0,0,0,3,11,0,64,2532,0,0,0,1,0,0,0,0,1,0,40,34,0
67272.0,0,1,12,357,35,271,28,28,14,3,6,2,12,5,0,0,0,0,0,0,3,11,0,54,2349,1,0,0,0,0,0,0,1,0,0,719,705,0
51529.0,0,1,14,400,4,35,6,0,22,2,9,1,5,8,0,0,0,0,0,0,3,11,0,71,2454,0,0,0,0,1,0,0,0,1,0,445,423,0
32011.0,1,0,89,99,0,15,2,1,5,3,2,1,4,7,0,0,0,0,0,0,3,11,0,49,2470,0,1,0,0,0,0,0,0,0,1,117,112,0
7500.0,1,0,96,1,11,5,4,6,9,2,2,0,3,8,0,0,0,0,0,0,3,11,0,34,2666,0,1,0,0,0,1,0,0,0,0,27,18,0
28691.0,1,0,56,5,4,13,8,0,4,1,1,0,3,8,0,0,0,0,0,0,3,11,0,31,2519,0,1,0,0,0,0,0,1,0,0,30,26,0
56223.0,0,1,72,77,28,31,16,0,4,2,2,1,5,4,0,0,0,0,0,0,3,11,0,72,2350,0,1,0,0,0,0,0,0,0,1,152,148,0
18100.0,0,0,14,3,1,2,4,3,1,1,0,0,3,5,0,0,0,0,0,0,3,11,0,74,2486,0,1,0,0,0,0,0,1,0,0,13,12,0
30279.0,1,0,13,10,4,14,4,4,1,1,1,0,3,8,0,0,0,0,0,0,3,11,0,31,2705,0,0,1,0,0,0,0,1,0,0,36,35,0
20130.0,0,0,99,0,6,3,7,6,12,1,1,0,3,8,0,0,0,0,0,0,3,11,0,46,2263,0,1,0,0,0,1,0,0,0,0,22,10,0
23295.0,0,0,72,0,0,1,2,12,5,1,1,0,2,8,0,0,0,0,0,0,3,11,0,61,2510,1,0,0,0,0,0,0,1,0,0,15,10,0
42618.0,1,0,92,76,14,74,13,5,10,2,5,0,4,8,0,0,0,0,0,0,3,11,0,48,2422,1,0,0,0,0,0,0,0,1,0,182,172,0
81246.0,0,0,87,398,190,537,61,156,37,1,4,5,7,1,1,0,0,1,0,0,3,11,0,56,2341,0,0,1,0,0,0,0,1,0,0,1342,1305,2
24027.0,1,0,7,14,7,11,11,0,5,2,2,0,3,8,0,0,0,0,0,0,3,11,0,44,2544,0,1,0,0,0,0,0,1,0,0,43,38,0
55707.0,0,1,91,208,7,82,30,66,35,2,3,2,9,3,0,0,0,0,0,0,3,11,0,67,2348,0,1,0,0,0,0,0,0,0,1,393,358,0
57959.0,0,1,71,430,16,322,43,24,33,5,4,7,11,3,0,0,0,0,0,0,3,11,0,65,2582,0,0,1,0,0,0,0,1,0,0,835,802,0
56796.0,0,1,24,656,38,161,62,47,37,3,8,9,7,7,0,0,0,0,0,0,3,11,0,51,2657,0,1,0,0,0,0,0,1,0,0,964,927,0
36230.0,1,0,17,14,2,30,8,2,3,1,2,0,4,5,0,0,0,0,0,0,3,11,0,49,2414,0,0,1,0,0,0,0,0,1,0,56,53,0
70829.0,1,1,87,141,70,106,72,19,23,2,4,2,8,3,0,0,0,0,0,0,3,11,0,40,2369,0,1,0,0,0,1,0,0,0,0,408,385,0
65991.0,0,1,21,507,19,364,25,47,9,3,9,5,10,7,0,0,0,0,0,0,3,11,0,44,2819,0,1,0,0,0,0,0,1,0,0,962,953,0
38988.0,1,2,90,164,24,103,12,3,42,7,5,1,6,8,0,0,0,0,0,0,3,11,0,48,2837,0,1,0,0,0,0,0,1,0,0,306,264,0
89572.0,0,0,44,606,24,974,197,194,64,1,7,7,9,4,0,1,0,1,0,0,3,11,1,54,2811,0,0,1,0,0,1,0,0,0,0,1995,1931,2
42207.0,1,0,71,116,11,72,3,17,46,4,4,1,5,6,1,0,0,0,0,0,3,11,1,36,2613,0,1,0,0,0,0,0,0,1,0,219,173,1
50300.0,0,1,52,143,15,60,24,23,5,2,2,1,8,2,0,0,0,0,0,0,3,11,0,68,2194,0,1,0,0,0,0,0,1,0,0,265,260,0
66664.0,0,0,78,398,96,447,220,96,32,1,5,7,6,3,0,0,0,0,0,0,3,11,0,38,2801,0,0,0,1,0,1,0,0,0,0,1257,1225,0
60597.0,0,1,2,522,0,257,32,16,66,4,2,2,8,7,0,0,0,1,0,0,3,11,1,56,2338,0,1,0,0,0,0,0,1,0,0,827,761,1
70165.0,0,0,60,161,0,253,199,191,122,1,3,7,11,1,0,0,0,0,0,0,3,11,0,71,2439,0,0,0,0,1,0,0,1,0,0,804,682,0
50520.0,0,1,25,112,0,6,2,1,14,2,3,1,3,6,0,0,0,0,0,0,3,11,0,62,2311,0,0,0,0,1,0,0,0,0,1,121,107,0
80124.0,0,0,47,483,84,398,205,84,241,1,3,7,8,1,1,0,0,0,0,0,3,11,0,57,2162,0,1,0,0,0,0,0,1,0,0,1254,1013,1
33183.0,1,0,46,7,5,39,17,15,37,2,4,0,3,7,0,0,0,0,0,0,3,11,0,45,2284,0,1,0,0,0,0,0,1,0,0,83,46,0
66582.0,0,0,83,789,25,420,16,38,0,1,2,8,9,1,0,0,0,0,0,0,3,11,0,51,2277,0,0,1,0,0,0,0,0,0,1,1288,1288,0
75261.0,0,0,17,1239,17,413,23,34,17,1,5,6,5,2,0,1,1,0,0,0,3,11,1,65,2591,0,0,0,1,0,0,0,0,0,1,1726,1709,2
31880.0,1,0,13,4,1,5,2,0,3,1,1,0,2,8,0,0,0,0,0,0,3,11,0,50,2765,0,0,0,0,1,0,0,1,0,0,12,9,0
53790.0,0,2,86,335,42,127,28,5,5,3,7,2,8,6,0,0,0,0,0,0,3,11,0,69,2274,0,1,0,0,0,0,0,1,0,0,537,532,0
49269.0,1,0,92,639,8,166,11,8,58,3,7,3,12,7,0,0,0,0,0,0,3,11,0,49,2842,0,0,0,1,0,0,0,0,0,1,832,774,0
61456.0,0,1,47,563,76,384,84,192,89,4,6,10,13,4,0,0,0,0,0,0,3,11,0,45,2618,0,1,0,0,0,0,0,1,0,0,1299,1210,0
37406.0,1,0,18,2,0,8,2,2,3,1,1,0,2,8,0,0,0,0,0,0,3,11,1,40,2421,0,1,0,0,0,0,0,1,0,0,14,11,0
56937.0,1,0,81,746,8,125,11,8,8,7,8,6,9,6,0,1,0,0,0,0,3,11,1,39,2853,0,0,0,1,0,0,0,0,0,1,898,890,1
38415.0,1,1,91,22,1,13,4,0,4,2,1,0,3,7,0,0,0,0,0,0,3,11,0,42,2702,0,1,0,0,0,0,0,1,0,0,40,36,0
20518.0,1,0,58,4,1,6,4,1,9,1,1,1,2,5,0,0,0,0,0,0,3,11,0,32,2201,0,0,1,0,0,0,0,1,0,0,16,7,0
62503.0,0,1,40,478,0,193,110,75,117,4,8,3,11,5,0,0,0,0,0,0,3,11,0,64,2655,0,1,0,0,0,0,0,1,0,0,856,739,0
41644.0,1,1,67,20,3,4,2,0,2,2,1,0,3,3,0,0,0,0,0,0,3,11,0,48,2210,0,0,1,0,0,0,0,0,0,1,29,27,0
55842.0,0,1,19,451,0,39,0,4,24,1,7,1,8,5,0,0,0,0,0,0,3,11,0,43,2196,0,1,0,0,0,0,0,0,1,0,494,470,0
62010.0,0,1,93,371,22,39,6,0,92,4,6,2,7,5,0,0,0,0,0,0,3,11,0,48,2773,0,1,0,0,0,0,0,0,0,1,438,346,0
41124.0,1,0,41,281,7,84,15,0,119,7,7,3,4,8,0,0,0,0,0,0,3,11,0,43,2765,0,1,0,0,0,0,0,1,0,0,387,268,0
38961.0,1,0,60,19,7,19,0,1,24,1,2,1,2,7,0,0,0,0,0,0,3,11,0,47,2340,0,1,0,0,0,0,0,0,1,0,46,22,0
37760.0,1,0,54,26,3,13,2,10,0,1,2,0,3,6,0,0,0,0,0,0,3,11,0,48,2481,1,0,0,0,0,0,0,0,1,0,54,54,0
32233.0,1,0,26,138,15,35,25,11,72,2,6,2,2,9,1,0,0,0,0,0,3,11,1,46,2838,0,0,1,0,0,0,0,1,0,0,224,152,1
43057.0,0,1,30,213,2,44,0,2,5,4,4,2,5,5,0,0,0,0,0,0,3,11,0,45,2401,0,1,0,0,0,0,0,1,0,0,261,256,0
83151.0,0,0,93,407,28,100,120,74,18,1,5,9,4,3,0,0,0,0,0,0,3,11,0,60,2786,0,0,0,1,0,0,0,0,1,0,729,711,0
78825.0,0,0,35,483,74,114,169,37,18,1,5,10,13,3,0,0,0,0,0,0,3,11,1,56,2812,1,0,0,0,0,0,0,0,0,1,877,859,0
65104.0,0,1,4,738,0,232,13,20,50,2,3,5,7,7,0,0,0,0,0,0,3,11,0,44,2386,0,0,0,1,0,0,0,0,1,0,1003,953,0
60093.0,0,1,92,502,12,109,16,6,90,2,7,2,10,6,0,0,0,0,0,0,3,11,0,46,2527,0,1,0,0,0,0,0,1,0,0,645,555,0
14045.0,1,0,24,11,0,5,2,1,1,1,1,0,3,7,0,0,0,0,0,0,3,11,0,51,2313,0,1,0,0,0,0,0,1,0,0,19,18,0
28457.0,0,0,96,24,1,108,29,29,14,1,4,1,4,8,0,0,0,0,0,0,3,11,0,68,2768,0,0,0,0,1,1,0,0,0,0,191,177,0
78952.0,0,1,11,1170,19,594,99,76,134,2,2,5,12,6,0,0,0,0,0,0,3,11,0,62,2802,0,0,0,1,0,0,0,0,0,1,1958,1824,0
46310.0,1,0,99,185,2,88,15,5,14,2,6,1,5,8,0,0,0,0,0,0,3,11,0,44,2732,1,0,0,0,0,0,0,1,0,0,295,281,0
76005.0,0,0,72,983,20,389,240,50,40,1,3,5,13,6,0,0,0,1,0,0,3,11,0,65,2651,0,0,0,1,0,0,0,1,0,0,1682,1642,1
58308.0,0,1,77,691,0,69,10,0,130,4,2,6,3,8,0,0,0,0,0,0,3,11,0,56,2692,0,0,1,0,0,0,0,0,1,0,770,640,0
55614.0,0,0,85,504,13,131,8,0,26,1,9,4,6,7,0,1,0,0,0,0,3,11,0,76,2373,1,0,0,0,0,0,0,0,0,1,656,630,1
59432.0,0,1,88,317,25,265,25,19,12,3,5,3,11,5,0,0,0,0,0,0,3,11,0,58,2601,1,0,0,0,0,0,0,0,1,0,651,639,0
55563.0,0,1,22,29,1,9,2,0,2,1,2,0,3,3,0,0,0,0,0,0,3,11,0,42,2244,1,0,0,0,0,0,0,1,0,0,41,39,0
78642.0,0,1,83,1396,0,322,46,35,17,1,4,9,4,6,0,0,0,0,0,0,3,11,0,49,2593,0,0,0,1,0,0,0,0,0,1,1799,1782,0
67911.0,0,1,63,529,0,356,63,28,0,3,6,7,11,3,0,0,0,0,0,0,3,11,0,71,2197,0,0,0,1,0,0,0,0,0,1,976,976,0
65275.0,0,0,9,388,14,218,91,14,21,1,4,3,13,2,0,0,0,0,0,0,3,11,0,76,2611,0,1,0,0,0,0,0,1,0,0,725,704,0
27203.0,1,1,92,13,2,21,4,0,24,2,1,1,2,8,0,0,0,0,0,0,3,11,0,70,2851,0,0,0,1,0,0,0,1,0,0,40,16,0
48330.0,0,1,2,28,0,4,0,0,0,1,1,0,3,5,0,0,0,0,0,0,3,11,0,59,2385,0,0,0,1,0,0,0,0,1,0,32,32,0
24279.0,0,0,6,16,36,21,20,62,108,1,4,1,3,8,0,0,0,0,0,0,3,11,0,30,2706,0,1,0,0,0,0,1,0,0,0,155,47,0
64355.0,1,0,66,1047,0,140,67,38,153,2,4,3,12,8,0,0,0,0,0,0,3,11,0,35,2833,0,1,0,0,0,0,0,0,0,1,1292,1139,0
50943.0,0,1,49,31,0,7,2,0,6,1,1,0,3,5,0,0,0,0,0,0,3,11,0,64,2532,0,0,0,1,0,0,0,0,1,0,40,34,0
53653.0,0,0,29,815,10,239,28,10,108,2,10,4,12,6,0,0,0,0,0,0,3,11,0,67,2758,0,0,0,0,1,0,0,1,0,0,1102,994,0
65665.0,0,1,77,225,162,387,106,36,29,1,5,10,8,3,0,0,0,0,0,0,3,11,0,44,2368,0,1,0,0,0,0,0,1,0,0,916,887,0
81217.0,0,0,77,493,70,324,146,40,84,1,3,7,11,1,0,0,0,0,0,0,3,11,0,31,2504,0,0,1,0,0,0,0,1,0,0,1073,989,0
34935.0,0,0,71,34,4,66,3,10,20,1,2,1,4,7,0,0,0,0,0,0,3,11,0,28,2532,0,1,0,0,0,0,0,1,0,0,117,97,0
61250.0,0,1,49,382,138,65,60,26,59,6,5,2,12,5,0,0,0,0,0,0,3,11,0,61,2719,1,0,0,0,0,0,0,1,0,0,671,612,0
39665.0,1,0,97,127,1,56,0,1,31,3,4,2,3,7,1,0,0,0,0,0,3,11,0,39,2559,0,0,0,1,0,0,0,0,0,1,185,154,1
60152.0,0,1,6,325,83,300,86,58,91,1,6,4,12,3,0,0,0,0,0,0,3,11,0,41,2617,0,0,1,0,0,0,0,1,0,0,852,761,0
48920.0,0,2,93,238,17,68,8,10,6,3,6,2,5,7,0,1,0,0,0,0,3,11,0,56,2411,0,1,0,0,0,0,0,1,0,0,341,335,1
89120.0,0,0,78,1168,92,408,72,129,55,1,5,6,7,1,0,0,1,0,0,0,3,11,0,61,2263,0,0,0,1,0,0,0,0,1,0,1869,1814,1
44124.0,0,1,62,284,0,55,0,6,52,4,6,2,5,8,0,0,0,0,0,0,3,11,0,74,2573,0,0,0,1,0,0,0,0,0,1,345,293,0
81169.0,0,0,47,1288,20,613,80,61,27,1,5,7,9,2,0,0,0,0,0,0,3,11,0,45,2600,0,0,1,0,0,0,0,0,1,0,2062,2035,0
36443.0,1,1,9,65,0,46,4,3,20,4,3,1,3,8,0,0,0,0,0,0,3,11,0,59,2670,0,1,0,0,0,0,0,1,0,0,118,98,0
